teamID,yearID,team_name,total_payroll,hitters_salary,pitchers_salary,W,cost_per_win,HR,cost_per_hr,SO,cost_per_strikeout
ANA,2000,Anaheim Angels,80264167,79864167,50520000,82,978831,236,338407,1024.0,49335.9375
ANA,2001,Anaheim Angels,47535167,34048500,12241000,75,633802,158,215496,1001.0,12228.77122877123
ANA,2002,Anaheim Angels,62221667,62021667,26744167,99,628501,152,408037,805.0,33222.56770186335
ANA,2003,Anaheim Angels,118714167,118411667,76684167,77,1541742,150,789411,838.0,91508.55250596658
ANA,2004,Anaheim Angels,100534667,100233167,44668167,92,1092768,162,618723,942.0,47418.43630573248
ARI,2000,Arizona Diamondbacks,134252838,134252838,88793505,85,1579445,179,750015,975.0,91070.26153846153
ARI,2001,Arizona Diamondbacks,85682999,77455499,42329166,92,931336,208,372382,1052.0,40236.849809885935
ARI,2002,Arizona Diamondbacks,103319999,103319999,59772499,98,1054285,165,626181,1016.0,58831.199803149604
ARI,2003,Arizona Diamondbacks,104207000,104207000,55308333,84,1240559,152,685572,1006.0,54978.46222664016
ARI,2004,Arizona Diamondbacks,91130750,90800750,43410750,51,1786877,135,672598,1022.0,42476.27201565558
ARI,2005,Arizona Diamondbacks,70659166,70341166,24912500,77,917651,191,368278,1094.0,22771.937842778792
ARI,2006,Arizona Diamondbacks,107398124,107398124,64358000,76,1413133,160,671238,965.0,66692.22797927461
ARI,2007,Arizona Diamondbacks,55226546,55226546,34477046,90,613628,171,322962,1111.0,31032.444644464445
ARI,2008,Arizona Diamondbacks,66604712,66604712,41600046,82,812252,159,418897,1287.0,32323.268065268065
ARI,2009,Arizona Diamondbacks,104230666,104230666,68892000,70,1489009,173,602489,1298.0,53075.50077041602
ARI,2010,Arizona Diamondbacks,126173166,117673166,81693000,65,1941125,180,653739,1529.0,53429.03858731197
ARI,2011,Arizona Diamondbacks,60489833,60489833,20662000,94,643508,172,351685,1249.0,16542.83426741393
ARI,2012,Arizona Diamondbacks,107952333,107952333,46385000,81,1332744,165,654256,1266.0,36639.0205371248
ARI,2013,Arizona Diamondbacks,110427000,110427000,53306500,81,1363296,130,849438,1142.0,46678.196147110335
ARI,2014,Arizona Diamondbacks,122859500,122859500,44975000,64,1919679,118,1041182,1165.0,38605.15021459227
ARI,2015,Arizona Diamondbacks,94134000,94134000,47183500,79,1191569,154,611259,1312.0,35963.03353658537
ARI,2016,Arizona Diamondbacks,122239063,122239063,93456530,69,1771580,190,643363,1427.0,65491.611772950244
ATL,2000,Atlanta Braves,86160336,77240336,30525237,95,906950,179,431510,1010.0,30223.00693069307
ATL,2001,Atlanta Braves,98716166,98271666,48090000,88,1121774,174,564779,1039.0,46284.889316650624
ATL,2002,Atlanta Braves,92870367,91170367,42410367,101,919508,164,555916,1028.0,41255.22081712062
ATL,2003,Atlanta Braves,106243667,103243667,47487167,101,1051917,235,439334,933.0,50897.28510182208
ATL,2004,Atlanta Braves,91307500,91307500,48494167,96,951119,178,512963,1158.0,41877.518998272884
ATL,2005,Atlanta Braves,90045302,90045302,48079000,90,1000503,184,489376,1084.0,44353.32103321033
ATL,2006,Atlanta Braves,97101876,81912333,38836000,79,1229137,222,368974,1169.0,33221.55688622755
ATL,2007,Atlanta Braves,111060833,95425833,53210000,84,1322152,176,542192,1149.0,46309.83463881636
ATL,2008,Atlanta Braves,121865683,121475683,63285184,72,1692578,130,934428,1023.0,61862.349951124146
ATL,2009,Atlanta Braves,107758666,106758666,68286166,86,1253007,149,716501,1064.0,64178.72744360902
ATL,2010,Atlanta Braves,86103666,85701166,46266166,91,946194,139,616555,1140.0,40584.35614035088
ATL,2011,Atlanta Braves,87002692,87002692,39415000,89,977558,173,502905,1260.0,31281.74603174603
ATL,2012,Atlanta Braves,85079942,84599942,25468000,94,905105,149,567784,1289.0,19757.951900698215
ATL,2013,Atlanta Braves,88367775,88367775,27343750,96,920497,181,488219,1384.0,19757.04479768786
ATL,2014,Atlanta Braves,110609000,110609000,34813750,79,1400113,123,899260,1369.0,25430.058436815194
ATL,2015,Atlanta Braves,135638750,135638750,78093750,67,2024458,100,1356387,1107.0,70545.39295392953
ATL,2016,Atlanta Braves,100638291,99098541,38164416,68,1479974,122,812283,1240.0,30777.754838709676
BAL,2000,Baltimore Orioles,117904224,117704224,42695953,74,1593300,184,639696,900.0,47439.94777777778
BAL,2001,Baltimore Orioles,84693206,72439166,30963332,63,1344336,136,532640,989.0,31307.716885743175
BAL,2002,Baltimore Orioles,60493487,47704697,19030863,67,902887,165,289119,993.0,19165.01812688822
BAL,2003,Baltimore Orioles,94777500,74447500,37562500,71,1334894,152,489786,902.0,41643.56984478936
BAL,2004,Baltimore Orioles,57023333,49023333,15610000,78,731068,169,290078,949.0,16448.893572181245
BAL,2005,Baltimore Orioles,74294333,73655833,23890000,74,1003977,189,389713,902.0,26485.587583148557
BAL,2006,Baltimore Orioles,87010582,86071082,26974333,70,1243008,164,524823,878.0,30722.47494305239
BAL,2007,Baltimore Orioles,104749808,97225252,41025334,69,1518113,142,684684,939.0,43690.45154419595
BAL,2008,Baltimore Orioles,78196244,70804578,29142664,68,1149944,172,411654,990.0,29437.034343434345
BAL,2009,Baltimore Orioles,92851666,92851666,33156666,64,1450807,160,580322,1013.0,32731.160908193484
BAL,2010,Baltimore Orioles,91662500,91662500,37077500,66,1388825,133,689191,1056.0,35111.268939393936
BAL,2011,Baltimore Orioles,119554038,118854038,51526500,69,1732667,191,622272,1120.0,46005.80357142857
BAL,2012,Baltimore Orioles,88153999,88153999,36594000,93,947892,214,411934,1315.0,27828.136882129278
BAL,2013,Baltimore Orioles,90450333,90450333,33411833,85,1064121,212,426652,1125.0,29699.40711111111
BAL,2014,Baltimore Orioles,107931000,107931000,34086000,96,1124281,211,511521,1285.0,26526.070038910504
BAL,2015,Baltimore Orioles,167494833,167494833,90604000,81,2067837,217,771865,1331.0,68072.12622088655
BAL,2016,Baltimore Orioles,223072478,223072478,130889286,89,2506432,253,881709,1324.0,98858.97734138973
BOS,2000,Boston Red Sox,86565333,77902833,36105000,85,1018415,167,466484,1019.0,35431.79587831207
BOS,2001,Boston Red Sox,110710833,110508333,43585000,82,1350132,198,558122,1131.0,38536.693191865605
BOS,2002,Boston Red Sox,115116060,114061060,52373333,93,1237807,177,644412,944.0,55480.22563559322
BOS,2003,Boston Red Sox,102754000,102454000,42209000,95,1081621,238,430478,943.0,44760.33934252386
BOS,2004,Boston Red Sox,138798500,138194000,58682500,98,1416311,222,622495,1189.0,49354.49957947855
BOS,2005,Boston Red Sox,142968125,142968125,61379000,95,1504927,199,718432,1044.0,58792.14559386973
BOS,2006,Boston Red Sox,143778224,143053224,77044994,86,1671839,192,745068,1056.0,72959.27462121213
BOS,2007,Boston Red Sox,161701214,152201214,62922000,96,1684387,166,916874,1042.0,60385.796545105564
BOS,2008,Boston Red Sox,184334958,176334958,67136749,95,1940367,173,1019277,1068.0,62862.12453183521
BOS,2009,Boston Red Sox,164842499,164842499,80878999,95,1735184,212,777558,1120.0,72213.3919642857
BOS,2010,Boston Red Sox,173922333,172822333,79626833,89,1954183,211,819063,1140.0,69848.09912280702
BOS,2011,Boston Red Sox,169512475,169512475,77255333,90,1883471,203,835036,1108.0,69725.0297833935
BOS,2012,Boston Red Sox,267875259,245925259,111845833,69,3882250,165,1490456,1197.0,93438.45697577276
BOS,2013,Boston Red Sox,154597500,154597500,73603000,97,1593788,178,868525,1308.0,56271.40672782875
BOS,2014,Boston Red Sox,224719929,224719929,97623000,71,3165069,123,1826991,1337.0,73016.45474943904
BOS,2015,Boston Red Sox,226203400,226203400,75247500,78,2900043,161,1404990,1148.0,65546.60278745645
BOS,2016,Boston Red Sox,190237011,189697511,95190000,93,2045559,208,912007,1160.0,82060.3448275862
CHA,2000,Chicago White Sox,32426500,32201500,14564000,95,341331,216,149081,960.0,15170.833333333334
CHA,2001,Chicago White Sox,83503667,81553667,40515000,83,1006068,214,381091,998.0,40596.192384769536
CHA,2002,Chicago White Sox,70477833,70477833,16995833,81,870096,217,324782,952.0,17852.76575630252
CHA,2003,Chicago White Sox,54470000,54470000,20470000,86,633372,220,247590,916.0,22347.161572052402
CHA,2004,Chicago White Sox,96657500,96657500,53317000,83,1164548,242,399411,1030.0,51764.077669902916
CHA,2005,Chicago White Sox,82678000,82360000,45280000,99,835131,200,411800,1002.0,45189.62075848303
CHA,2006,Chicago White Sox,103400667,103400667,51604000,90,1148896,236,438138,1056.0,48867.42424242424
CHA,2007,Chicago White Sox,115051833,115051833,44878500,72,1597942,190,605535,1149.0,39058.74673629243
CHA,2008,Chicago White Sox,123427332,123427332,50664000,89,1386823,235,525222,1016.0,49866.14173228347
CHA,2009,Chicago White Sox,149123500,149123500,86355000,79,1887639,184,810453,1022.0,84496.08610567515
CHA,2010,Chicago White Sox,105950000,104750000,54765000,88,1203977,177,591807,922.0,59398.04772234273
CHA,2011,Chicago White Sox,158789000,158789000,87460000,79,2009987,154,1031097,989.0,88432.76036400405
CHA,2012,Chicago White Sox,99844000,99844000,42896000,85,1174635,211,473194,1203.0,35657.52285951787
CHA,2013,Chicago White Sox,198037090,198037090,123044084,63,3143445,148,1338088,1207.0,101942.07456503728
CHA,2014,Chicago White Sox,116505500,116505500,74872500,73,1595965,155,751648,1362.0,54972.46696035242
CHA,2015,Chicago White Sox,112923700,112923700,78583700,76,1485838,136,830321,1231.0,63837.286758732735
CHA,2016,Chicago White Sox,131998667,131998667,67559000,78,1692290,168,785706,1285.0,52575.09727626459
CHN,2000,Chicago Cubs,99186833,98716833,56589333,65,1525951,183,539436,1120.0,50526.19017857143
CHN,2001,Chicago Cubs,65660833,65660833,26518333,88,746145,194,338457,1077.0,24622.407613741874
CHN,2002,Chicago Cubs,96218333,96014833,44113333,67,1436094,200,480074,1269.0,34762.27974783294
CHN,2003,Chicago Cubs,81133333,80523333,26563333,88,921969,172,468158,1158.0,22938.97495682211
CHN,2004,Chicago Cubs,102060000,102060000,36698333,89,1146741,235,434297,1080.0,33979.93796296296
CHN,2005,Chicago Cubs,121352932,121352932,76287932,79,1536113,194,625530,920.0,82921.6652173913
CHN,2006,Chicago Cubs,134724499,130691166,81938666,66,2041280,166,787296,928.0,88295.97629310345
CHN,2007,Chicago Cubs,108353665,107970665,42990666,85,1274749,151,715037,1054.0,40788.10815939279
CHN,2008,Chicago Cubs,129745833,129745833,68028333,97,1337585,184,705140,1186.0,57359.471332209105
CHN,2009,Chicago Cubs,146109000,146109000,70521500,83,1760349,161,907509,1185.0,59511.81434599156
CHN,2010,Chicago Cubs,203359000,202534000,108333000,75,2711453,149,1359288,1236.0,87648.05825242719
CHN,2011,Chicago Cubs,139547329,139547329,53805333,71,1965455,148,942887,1202.0,44763.17221297837
CHN,2012,Chicago Cubs,157647033,157162033,100641333,61,2584377,137,1147168,1235.0,81490.95789473684
CHN,2013,Chicago Cubs,210213725,210213725,140629582,66,3185056,172,1222172,1230.0,114332.99349593496
CHN,2014,Chicago Cubs,111712500,111712500,78568000,73,1530308,157,711544,1477.0,53194.31279620853
CHN,2015,Chicago Cubs,166349310,166349310,118049000,97,1714941,171,972802,1518.0,77766.139657444
CHN,2016,Chicago Cubs,169363668,167820668,115056500,103,1644307,199,843319,1339.0,85927.18446601942
CIN,2000,Cincinnati Reds,71107200,70807200,30190000,85,836555,200,354036,995.0,30341.708542713568
CIN,2001,Cincinnati Reds,54861000,54651000,13266000,66,831227,176,310517,1172.0,11319.112627986347
CIN,2002,Cincinnati Reds,48433390,47652890,14524667,78,620940,169,281969,1188.0,12226.150673400673
CIN,2003,Cincinnati Reds,90955668,90565668,48166668,69,1318198,182,497613,1326.0,36324.78733031674
CIN,2004,Cincinnati Reds,56365250,56065250,27583250,76,741648,194,288996,1335.0,20661.610486891386
CIN,2005,Cincinnati Reds,83108583,82768583,43004583,73,1138473,222,372831,1303.0,33004.28472755181
CIN,2006,Cincinnati Reds,74457019,70367019,29415833,80,930712,217,324271,1192.0,24677.712248322146
CIN,2007,Cincinnati Reds,83824980,83442480,46038333,72,1164235,204,409031,1113.0,41364.180592991914
CIN,2008,Cincinnati Reds,101622890,96605390,33857500,74,1373282,187,516606,1125.0,30095.555555555555
CIN,2009,Cincinnati Reds,93858500,93858500,56666000,78,1203314,158,594041,1129.0,50191.319751992916
CIN,2010,Cincinnati Reds,72176542,71760542,47045500,91,793148,188,381705,1218.0,38625.2052545156
CIN,2011,Cincinnati Reds,77697134,77697134,35204438,79,983508,183,424574,1250.0,28163.5504
CIN,2012,Cincinnati Reds,82203616,73425925,28294438,97,847459,172,426894,1266.0,22349.47709320695
CIN,2013,Cincinnati Reds,106404462,106404462,53808807,90,1182271,155,686480,1245.0,43219.92530120482
CIN,2014,Cincinnati Reds,129217500,129217500,80257500,76,1700230,131,986393,1252.0,64103.434504792334
CIN,2015,Cincinnati Reds,180397286,180397286,110292286,64,2818707,167,1080223,1255.0,87882.29960159362
CIN,2016,Cincinnati Reds,101481725,100973725,31690060,68,1492378,164,615693,1284.0,24680.732087227414
CLE,2000,Cleveland Indians,89127771,88922771,34692115,90,990308,221,402365,1057.0,32821.30085146642
CLE,2001,Cleveland Indians,107011001,106386001,51653167,91,1175945,212,501820,1076.0,48004.80204460966
CLE,2002,Cleveland Indians,136353960,134348460,90354292,74,1842621,192,699731,1000.0,90354.292
CLE,2003,Cleveland Indians,54584834,45984834,16759600,68,802718,158,291043,1062.0,15781.167608286252
CLE,2004,Cleveland Indians,37814300,37195800,19095500,80,472678,184,202151,1009.0,18925.17343904856
CLE,2005,Cleveland Indians,43514900,43198400,26630000,93,467902,207,208687,1093.0,24364.13540713632
CLE,2006,Cleveland Indians,120769000,120769000,88589700,78,1548320,196,616168,1204.0,73579.4850498339
CLE,2007,Cleveland Indians,74758667,74758667,50351000,96,778736,178,419992,1202.0,41889.35108153078
CLE,2008,Cleveland Indians,146946066,146946066,103875500,81,1814148,171,859333,1213.0,85635.20197856554
CLE,2009,Cleveland Indians,130396666,120396666,61841900,65,2006102,161,747805,1211.0,51066.80429397192
CLE,2010,Cleveland Indians,135503966,135078966,99637200,69,1963825,128,1055304,1184.0,84153.04054054055
CLE,2011,Cleveland Indians,49776566,49776566,14931900,80,622207,154,323224,1269.0,11766.666666666666
CLE,2012,Cleveland Indians,125670300,113181800,81559500,68,1848092,136,832219,1087.0,75031.73873045079
CLE,2013,Cleveland Indians,83252600,83252600,37648400,92,904919,171,486857,1283.0,29344.037412314887
CLE,2014,Cleveland Indians,138689399,138689399,69277933,85,1631639,142,976685,1189.0,58265.713204373424
CLE,2015,Cleveland Indians,135863766,135863766,41542600,81,1677330,141,963572,1157.0,35905.44511668107
CLE,2016,Cleveland Indians,83311900,83311900,35680100,94,886296,185,450334,1246.0,28635.714285714286
COL,2000,Colorado Rockies,90437857,90137857,44140833,82,1102900,161,559862,907.0,48666.85005512679
COL,2001,Colorado Rockies,111916334,111291334,67742667,73,1533100,213,522494,1027.0,65961.70107108082
COL,2002,Colorado Rockies,69701043,68051043,40025376,73,954808,152,447704,1043.0,38375.24065196548
COL,2003,Colorado Rockies,86854667,86854667,34835000,74,1173711,198,438659,1134.0,30718.69488536155
COL,2004,Colorado Rockies,81051834,72051834,10308500,68,1191938,202,356692,1181.0,8728.619813717189
COL,2005,Colorado Rockies,76226000,76226000,32520000,67,1137701,150,508173,1103.0,29483.227561196738
COL,2006,Colorado Rockies,47196000,46195000,22468000,76,621000,157,294235,1108.0,20277.978339350182
COL,2007,Colorado Rockies,91541000,91041000,61649000,90,1017122,171,532403,1152.0,53514.756944444445
COL,2008,Colorado Rockies,77955500,77955500,35078000,74,1053452,160,487221,1209.0,29014.061207609593
COL,2009,Colorado Rockies,78016000,73211000,34410000,92,848000,190,385321,1277.0,26945.967110415037
COL,2010,Colorado Rockies,96842000,96439000,47137000,83,1166771,173,557450,1274.0,36999.215070643644
COL,2011,Colorado Rockies,103790071,103790071,56407000,73,1421781,163,636748,1201.0,46966.69442131557
COL,2012,Colorado Rockies,110112571,109632571,57465000,64,1720508,166,660437,1213.0,47374.278647980216
COL,2013,Colorado Rockies,76382071,76382071,26726500,74,1032190,159,480390,1204.0,22198.08970099668
COL,2014,Colorado Rockies,95905500,95905500,43545500,66,1453113,186,515620,1281.0,33993.36455893833
COL,2015,Colorado Rockies,128263600,128263600,43316000,68,1886229,186,689589,1283.0,33761.49649259548
COL,2016,Colorado Rockies,112645071,111626071,40310500,75,1501934,204,547186,1330.0,30308.646616541355
DET,2000,Detroit Tigers,60665167,60425167,20057667,79,767913,177,341385,982.0,20425.32281059063
DET,2001,Detroit Tigers,85101167,84516167,48951667,66,1289411,139,608029,972.0,50361.79732510288
DET,2002,Detroit Tigers,69673000,69455500,36045500,55,1266781,124,560125,1035.0,34826.57004830918
DET,2003,Detroit Tigers,63610000,63610000,27738000,43,1479302,153,415751,1099.0,25239.308462238398
DET,2004,Detroit Tigers,46832000,46203000,10270500,72,650444,201,229865,1144.0,8977.70979020979
DET,2005,Detroit Tigers,88042000,84702500,37267500,71,1240028,168,504181,1038.0,35903.17919075144
DET,2006,Detroit Tigers,84787866,78457866,25689456,95,892503,203,386491,1133.0,22673.835834068843
DET,2007,Detroit Tigers,119245369,117530369,49774159,88,1355061,177,664013,1054.0,47224.059772296016
DET,2008,Detroit Tigers,158843412,157501912,43245000,74,2146532,200,787509,1076.0,40190.520446096656
DET,2009,Detroit Tigers,117735145,117735145,51127500,86,1369013,183,643361,1114.0,45895.42190305206
DET,2010,Detroit Tigers,158864928,155439928,81216052,81,1961295,152,1022631,1147.0,70807.36878814298
DET,2011,Detroit Tigers,106118231,104718231,33846000,95,1117034,169,619634,1143.0,29611.548556430447
DET,2012,Detroit Tigers,138281000,125281000,48489500,88,1571375,163,768595,1103.0,43961.46872166818
DET,2013,Detroit Tigers,147987000,147987000,58077000,93,1591258,176,840835,1073.0,54125.81547064306
DET,2014,Detroit Tigers,154415500,154415500,78163500,90,1715727,155,996229,1144.0,68324.73776223777
DET,2015,Detroit Tigers,266543250,266543250,175615000,74,3601935,151,1765187,1259.0,139487.68864177918
DET,2016,Detroit Tigers,194876481,193860481,90286481,86,2266005,211,918770,1303.0,69291.23637759018
FLO,2000,Florida Marlins,20687000,20009000,10779000,79,261860,160,125056,1184.0,9103.885135135135
FLO,2001,Florida Marlins,41762500,34360500,15014000,76,549506,166,206990,1145.0,13112.663755458516
FLO,2002,Florida Marlins,62404917,62202917,18783250,79,789935,146,426047,1130.0,16622.34513274336
FLO,2003,Florida Marlins,49450000,49150000,15259426,91,543406,157,313057,978.0,15602.685071574642
FLO,2004,Florida Marlins,56178042,55873042,32001375,83,676843,148,377520,968.0,33059.271694214876
FLO,2005,Florida Marlins,82833834,82483834,44438500,83,997998,128,644404,918.0,48407.952069716775
FLO,2006,Florida Marlins,15714000,15714000,10459000,78,201461,182,86340,1249.0,8373.899119295436
FLO,2007,Florida Marlins,42447000,42067000,27908000,71,597845,201,209288,1332.0,20951.951951951953
FLO,2008,Florida Marlins,21811500,19441500,10900500,84,259660,208,93468,1371.0,7950.765864332604
FLO,2009,Florida Marlins,38814000,38064000,16754000,87,446137,159,239396,1226.0,13665.57911908646
FLO,2010,Florida Marlins,97479719,97479719,56295219,80,1218496,152,641313,1375.0,40941.97745454546
FLO,2011,Florida Marlins,56944000,56944000,32998000,72,790888,149,382174,1244.0,26525.72347266881
HOU,2000,Houston Astros,59199111,59199111,27216611,72,822209,249,237747,1129.0,24106.829937998227
HOU,2001,Houston Astros,85362667,83062667,49167667,93,917878,208,399339,1119.0,43938.933869526365
HOU,2002,Houston Astros,63448417,62698417,25466667,84,755338,167,375439,1120.0,22738.095535714285
HOU,2003,Houston Astros,75465000,75155000,14855000,87,867413,191,393481,1021.0,14549.461312438785
HOU,2004,Houston Astros,97482000,97482000,32000000,92,1059586,187,521294,999.0,32032.03203203203
HOU,2005,Houston Astros,77874000,77874000,37141000,89,874988,161,483689,1037.0,35815.814850530376
HOU,2006,Houston Astros,92694435,73325416,36547916,82,1130419,174,421410,1076.0,33966.46468401487
HOU,2007,Houston Astros,101259000,100879000,44797000,73,1387109,167,604065,1043.0,42950.14381591563
HOU,2008,Houston Astros,88930414,88540414,27792000,86,1034074,167,530182,1051.0,26443.38725023787
HOU,2009,Houston Astros,104496414,104496414,40774000,74,1412113,142,735890,990.0,41185.85858585859
HOU,2010,Houston Astros,156355500,155540000,81033500,76,2057309,108,1440185,1025.0,79057.0731707317
HOU,2011,Houston Astros,88695000,87109000,26541500,56,1583839,95,916936,1164.0,22801.97594501718
HOU,2012,Houston Astros,172651000,172160500,127782000,55,3139109,146,1179181,1365.0,93613.18681318681
HOU,2013,Houston Astros,41113900,41113900,28435700,51,806154,148,277796,1535.0,18524.885993485343
HOU,2014,Houston Astros,36616300,36616300,18722900,70,523090,163,224639,1442.0,12983.980582524271
HOU,2015,Houston Astros,72256200,72256200,34178100,86,840188,230,314157,1392.0,24553.23275862069
HOU,2016,Houston Astros,133653900,133653900,76139200,84,1591117,198,675019,1452.0,52437.46556473829
KCA,2000,Kansas City Royals,27730500,27528000,12208000,77,360136,150,183520,840.0,14533.333333333334
KCA,2001,Kansas City Royals,44862500,41410000,17265000,65,690192,152,272434,898.0,19226.0579064588
KCA,2002,Kansas City Royals,48362000,48362000,16590000,62,780032,140,345442,921.0,18013.029315960914
KCA,2003,Kansas City Royals,40518000,40518000,6402500,83,488168,162,250111,926.0,6914.14686825054
KCA,2004,Kansas City Royals,63359000,62417500,18877500,58,1092396,150,416116,1057.0,17859.508041627247
KCA,2005,Kansas City Royals,41631000,38671000,9647000,56,743410,126,306912,1008.0,9570.436507936507
KCA,2006,Kansas City Royals,65440500,65105500,28776000,62,1055491,124,525044,1040.0,27669.23076923077
KCA,2007,Kansas City Royals,84021500,83247500,49541000,69,1217702,102,816151,1069.0,46343.31150608045
KCA,2008,Kansas City Royals,67245500,66770500,36867000,75,896606,120,556420,1005.0,36683.58208955224
KCA,2009,Kansas City Royals,82519333,82108333,44027000,65,1269528,144,570196,1091.0,40354.720439963334
KCA,2010,Kansas City Royals,103465210,103465210,52781710,67,1544256,121,855084,905.0,58322.331491712706
KCA,2011,Kansas City Royals,38202000,34452000,18458000,71,538056,129,267069,1006.0,18347.912524850894
KCA,2012,Kansas City Royals,92491225,85989225,57413200,72,1284600,131,656406,1032.0,55632.94573643411
KCA,2013,Kansas City Royals,89612225,89612225,47759300,86,1042002,112,800109,1048.0,45571.85114503817
KCA,2014,Kansas City Royals,75659075,75659075,35877000,89,850101,95,796411,985.0,36423.350253807104
KCA,2015,Kansas City Royals,116389525,116389525,60325000,95,1225152,139,837334,973.0,61998.972250770814
KCA,2016,Kansas City Royals,131487125,128012125,67887500,81,1623297,147,870830,1224.0,55463.643790849674
LAA,2005,Los Angeles Angels of Anaheim,94867822,84400322,31993322,95,998608,147,574151,848.0,37727.97405660377
LAA,2006,Los Angeles Angels of Anaheim,140197000,140197000,74365000,89,1575247,159,881742,914.0,81362.14442013128
LAA,2007,Los Angeles Angels of Anaheim,116601333,116218833,51433833,94,1240439,123,944868,883.0,58248.961494903735
LAA,2008,Los Angeles Angels of Anaheim,120666333,111166333,43121333,100,1206663,159,699159,987.0,43689.29381965552
LAA,2009,Los Angeles Angels of Anaheim,113709000,113709000,49109000,97,1172257,173,657277,1054.0,46592.97912713473
LAA,2010,Los Angeles Angels of Anaheim,143063866,142263866,89603000,80,1788298,155,917831,1070.0,83741.1214953271
LAA,2011,Los Angeles Angels of Anaheim,138963166,135574166,64933000,86,1615850,155,874672,1086.0,59790.97605893186
LAA,2012,Los Angeles Angels of Anaheim,178051166,177089666,78386000,89,2000574,187,947003,1113.0,70427.67295597485
LAA,2013,Los Angeles Angels of Anaheim,143274750,141274750,72749250,78,1836855,164,861431,1221.0,59581.69533169533
LAA,2014,Los Angeles Angels of Anaheim,136653250,136653250,58366500,98,1394420,155,881633,1266.0,46103.080568720376
LAA,2015,Los Angeles Angels of Anaheim,122043745,122043745,59626000,85,1435808,176,693430,1150.0,51848.69565217391
LAA,2016,Los Angeles Angels of Anaheim,176576333,156076333,88322500,74,2386166,156,1000489,991.0,89124.62159434914
LAN,2000,Los Angeles Dodgers,99624286,99624286,48865952,86,1158421,211,472153,1083.0,45120.91597414589
LAN,2001,Los Angeles Dodgers,114880953,107047620,60417619,86,1335825,206,519648,1062.0,56890.41337099812
LAN,2002,Los Angeles Dodgers,104825953,95425953,51232619,92,1139412,155,615651,940.0,54502.78617021276
LAN,2003,Los Angeles Dodgers,105572620,105572620,59114286,85,1242030,124,851392,985.0,60014.503553299495
LAN,2004,Los Angeles Dodgers,110133668,98916001,55432500,93,1184232,203,487270,1092.0,50762.36263736264
LAN,2005,Los Angeles Dodgers,83039000,69639000,40438500,71,1169563,149,467375,1094.0,36963.89396709324
LAN,2006,Los Angeles Dodgers,144084187,143729187,82628500,88,1637320,153,939406,959.0,86161.10531803963
LAN,2007,Los Angeles Dodgers,125984524,125589524,63922915,82,1536396,129,973562,864.0,73984.85532407407
LAN,2008,Los Angeles Dodgers,141481036,125470635,63374333,84,1684298,137,915844,1032.0,61409.23740310078
LAN,2009,Los Angeles Dodgers,101614592,101614592,42152221,95,1069627,145,700790,1068.0,39468.371722846445
LAN,2010,Los Angeles Dodgers,114463022,114058522,37637833,80,1430787,120,950487,1184.0,31788.710304054053
LAN,2011,Los Angeles Dodgers,117608499,117608499,47877912,82,1434249,117,1005200,1087.0,44045.91720331187
LAN,2012,Los Angeles Dodgers,103448075,102953075,47040165,86,1202884,116,887526,1156.0,40692.18425605536
LAN,2013,Los Angeles Dodgers,238001693,238001693,115757496,92,2586974,138,1724649,1146.0,101010.03141361257
LAN,2014,Los Angeles Dodgers,233514600,233514600,116278100,94,2484197,134,1742646,1246.0,93321.10754414125
LAN,2015,Los Angeles Dodgers,231317000,231317000,101703500,92,2514315,187,1236989,1258.0,80845.3895071542
LAN,2016,Los Angeles Dodgers,225788380,217778380,113038717,91,2481190,189,1152266,1321.0,85570.56548069644
MIA,2012,Miami Marlins,170936000,164456000,102290000,69,2477333,137,1200408,1228.0,83298.04560260587
MIA,2013,Miami Marlins,69576400,69576400,54588400,62,1122200,95,732383,1232.0,44308.76623376623
MIA,2014,Miami Marlins,44036900,44036900,10953900,77,571907,122,360958,1419.0,7719.450317124736
MIA,2015,Miami Marlins,194729000,194729000,166307500,71,2742661,120,1622741,1150.0,144615.21739130435
MIA,2016,Miami Marlins,80486702,78990702,37942500,79,1018819,128,617114,1213.0,31279.884583676834
MIL,2000,Milwaukee Brewers,64505333,63633333,39705500,73,883634,177,359510,1245.0,31891.967871485944
MIL,2001,Milwaukee Brewers,48086833,47870833,19935000,68,707159,209,229047,1399.0,14249.463902787706
MIL,2002,Milwaukee Brewers,73962833,70207833,25010000,56,1320764,139,505092,1125.0,22231.11111111111
MIL,2003,Milwaukee Brewers,70142000,69837000,33351000,68,1031500,196,356311,1221.0,27314.496314496315
MIL,2004,Milwaukee Brewers,30748500,30748500,10624000,67,458932,135,227766,1312.0,8097.5609756097565
MIL,2005,Milwaukee Brewers,42059833,42059833,12017000,81,519257,175,240341,1162.0,10341.652323580034
MIL,2006,Milwaukee Brewers,67079333,67079333,25009000,75,894391,180,372662,1233.0,20283.049472830495
MIL,2007,Milwaukee Brewers,76086500,70336500,41079167,83,916704,231,304487,1137.0,36129.43447669305
MIL,2008,Milwaukee Brewers,81351499,77101499,50787999,90,903905,198,389401,1203.0,42217.788029925185
MIL,2009,Milwaukee Brewers,87107502,87107502,37260002,80,1088843,182,478612,1231.0,30268.07636068237
MIL,2010,Milwaukee Brewers,120208278,119808278,89522778,77,1561146,182,658287,1216.0,73620.70559210527
MIL,2011,Milwaukee Brewers,88197333,86997333,44324000,96,918722,185,470255,1083.0,40927.05447830102
MIL,2012,Milwaukee Brewers,168228944,168228944,121324000,83,2026854,202,832816,1240.0,97841.93548387097
MIL,2013,Milwaukee Brewers,91947033,91947033,49379922,74,1242527,157,585649,1183.0,41741.2696534235
MIL,2014,Milwaukee Brewers,101217000,101217000,50169000,82,1234353,150,674780,1197.0,41912.28070175439
MIL,2015,Milwaukee Brewers,167133500,167133500,81713500,68,2457845,145,1152644,1299.0,62904.92686682063
MIL,2016,Milwaukee Brewers,90857537,89330137,30097924,73,1244623,194,460464,1543.0,19506.107582631237
MIN,2000,Minnesota Twins,20117000,20117000,12040000,69,291550,116,173422,1021.0,11792.36043095005
MIN,2001,Minnesota Twins,28735000,28500000,16525000,85,338058,164,173780,1083.0,15258.54108956602
MIN,2002,Minnesota Twins,40650000,40425000,29702500,94,432446,167,242065,1089.0,27275.022956841138
MIN,2003,Minnesota Twins,56280000,56280000,36420000,90,625333,155,363096,1027.0,35462.51217137293
MIN,2004,Minnesota Twins,56385000,50635000,16150000,92,612880,191,265104,982.0,16446.02851323829
MIN,2005,Minnesota Twins,56186000,55540000,29579500,83,676939,134,414477,978.0,30244.88752556237
MIN,2006,Minnesota Twins,76246006,75919006,43088500,96,794229,143,530902,872.0,49413.41743119266
MIN,2007,Minnesota Twins,87989500,87199500,43675000,79,1113791,118,738978,839.0,52056.01907032181
MIN,2008,Minnesota Twins,84027766,84027766,42535000,88,954860,111,757006,979.0,43447.39530132789
MIN,2009,Minnesota Twins,70465266,69575266,25878000,87,809945,172,404507,1021.0,25345.739471106757
MIN,2010,Minnesota Twins,97559166,85409166,22742500,94,1037863,142,601473,967.0,23518.614270941056
MIN,2011,Minnesota Twins,121112000,121112000,54355500,63,1922412,103,1175844,1048.0,51865.935114503816
MIN,2012,Minnesota Twins,111585000,105085000,45970000,66,1690681,131,802175,1069.0,43002.806361085124
MIN,2013,Minnesota Twins,94787500,94787500,26392500,66,1436174,151,627731,1430.0,18456.293706293705
MIN,2014,Minnesota Twins,102422500,102422500,33832500,70,1463178,128,800175,1329.0,25457.110609480813
MIN,2015,Minnesota Twins,114355000,114355000,62857500,83,1377771,156,733044,1264.0,49729.034810126584
MIN,2016,Minnesota Twins,168174200,167629200,120620500,59,2850410,200,838146,1426.0,84586.60589060308
MON,2000,Montreal Expos,39319333,36119333,14936333,67,586855,178,202917,1048.0,14252.226145038168
MON,2001,Montreal Expos,48316500,48091500,28920500,68,710536,131,367110,1071.0,27003.267973856207
MON,2002,Montreal Expos,57443000,57018000,25710000,83,692084,162,351962,1104.0,23288.043478260868
MON,2003,Montreal Expos,52268500,48168500,14878500,83,629740,144,334503,990.0,15028.787878787878
MON,2004,Montreal Expos,50347500,50037500,16190500,67,751455,151,331374,925.0,17503.243243243243
NYA,2000,New York Yankees,94642660,94242660,43332867,87,1087846,205,459720,1007.0,43031.6454816286
NYA,2001,New York Yankees,114437143,112531143,44940000,95,1204601,203,554340,1035.0,43420.289855072464
NYA,2002,New York Yankees,126640033,126210033,61118669,103,1229514,223,565964,1171.0,52193.56874466268
NYA,2003,New York Yankees,193849814,188299814,90400000,101,1919305,230,818694,1042.0,86756.23800383878
NYA,2004,New York Yankees,215468950,215468950,111556836,101,2133355,242,890367,982.0,113601.66598778004
NYA,2005,New York Yankees,282306817,282306817,170630953,95,2971650,229,1232780,989.0,172528.76946410516
NYA,2006,New York Yankees,206113079,198113079,81450610,97,2124877,210,943395,1053.0,77351.00664767332
NYA,2007,New York Yankees,195726814,195726814,69484368,94,2082200,201,973765,991.0,70115.40665993946
NYA,2008,New York Yankees,238071062,238071062,101292991,89,2674955,180,1322617,1015.0,99796.05024630541
NYA,2009,New York Yankees,202748114,202748114,71079014,103,1968428,244,830934,1014.0,70097.64694280078
NYA,2010,New York Yankees,211033389,211033389,90482989,95,2221404,201,1049917,1136.0,79650.5184859155
NYA,2011,New York Yankees,202275028,194104628,74940764,97,2085309,222,874345,1138.0,65853.0439367311
NYA,2012,New York Yankees,196522289,187761814,69351150,95,2068655,245,766374,1176.0,58972.066326530614
NYA,2013,New York Yankees,231978886,231978886,80137714,85,2729163,144,1610964,1214.0,66011.29654036244
NYA,2014,New York Yankees,208043907,208043907,84062250,84,2476713,147,1415264,1133.0,74194.39541041483
NYA,2015,New York Yankees,212751957,212751957,78837400,87,2445424,212,1003546,1227.0,64252.15973920131
NYA,2016,New York Yankees,305703121,305177821,150779522,84,3639322,183,1667638,1188.0,126918.78956228956
NYN,2000,New York Mets,81719776,81719776,40629181,94,869359,198,412726,1037.0,39179.53809064609
NYN,2001,New York Mets,131358428,130628428,85332833,82,1601932,147,888628,1062.0,80351.06685499058
NYN,2002,New York Mets,116233593,113150260,57283333,75,1549781,160,707189,1044.0,54869.09291187739
NYN,2003,New York Mets,195793096,195793096,105766666,66,2966562,124,1578976,1035.0,102190.0154589372
NYN,2004,New York Mets,136444801,118628134,73444205,71,1921757,185,641233,1159.0,63368.59792924935
NYN,2005,New York Mets,104755821,104119321,48656441,83,1262118,175,594967,1075.0,45261.80558139535
NYN,2006,New York Mets,117120296,116787296,54054140,97,1207425,200,583936,1071.0,50470.71895424837
NYN,2007,New York Mets,116381663,115147663,49218234,88,1322518,177,650551,981.0,50171.49235474006
NYN,2008,New York Mets,137793376,129984376,58910067,89,1548240,172,755723,1024.0,57529.3623046875
NYN,2009,New York Mets,187516987,187516987,99647305,70,2678814,95,1973863,928.0,107378.5614224138
NYN,2010,New York Mets,141772942,140103942,55052373,79,1794594,128,1094562,1095.0,50276.139726027395
NYN,2011,New York Mets,174672743,153028036,62666164,77,2268477,108,1416926,1085.0,57756.8331797235
NYN,2012,New York Mets,97066483,97066483,54783061,74,1311709,139,698320,1250.0,43826.4488
NYN,2013,New York Mets,57881866,57881866,24129140,74,782187,130,445245,1384.0,17434.34971098266
NYN,2014,New York Mets,96306990,96306990,28961100,79,1219075,125,770455,1264.0,22912.26265822785
NYN,2015,New York Mets,96766683,96766683,34140075,90,1075185,177,546704,1290.0,26465.174418604653
NYN,2016,New York Mets,150014129,149467879,50389500,87,1724300,218,685632,1302.0,38701.6129032258
OAK,2000,Oakland Athletics,33341833,33341833,17509500,91,366393,239,139505,1159.0,15107.42018981881
OAK,2001,Oakland Athletics,41309250,41309250,19568167,102,404992,199,207584,1021.0,19165.687561214494
OAK,2002,Oakland Athletics,43746167,43523167,15805000,103,424720,205,212308,1008.0,15679.563492063493
OAK,2003,Oakland Athletics,50582834,50582834,19602667,96,526904,176,287402,898.0,21829.250556792875
OAK,2004,Oakland Athletics,60746667,60423167,26995500,91,667545,189,319699,1061.0,25443.44957587182
OAK,2005,Oakland Athletics,59825762,59825762,16952000,88,679838,155,385972,819.0,20698.4126984127
OAK,2006,Oakland Athletics,62243079,62243079,21661125,93,669280,175,355674,976.0,22193.775614754097
OAK,2007,Oakland Athletics,148540134,148540134,72773746,76,1954475,171,868655,1119.0,65034.625558534404
OAK,2008,Oakland Athletics,79052126,79052126,52687126,75,1054028,125,632417,1226.0,42974.817292006526
OAK,2009,Oakland Athletics,94540000,90230000,19590000,75,1260533,135,668370,1046.0,18728.48948374761
OAK,2010,Oakland Athletics,58164900,56792400,20897400,81,718085,109,521031,1061.0,19695.947219604146
OAK,2011,Oakland Athletics,84236500,84236500,27209000,74,1138331,114,738916,1094.0,24871.11517367459
OAK,2012,Oakland Athletics,76372500,71800000,36900000,94,812473,195,368205,1387.0,26604.18168709445
OAK,2013,Oakland Athletics,62482500,62482500,22835000,96,650859,186,335927,1178.0,19384.550084889644
OAK,2014,Oakland Athletics,114438400,114438400,59550900,88,1300436,146,783824,1104.0,53941.032608695656
OAK,2015,Oakland Athletics,172828504,172828504,124830004,68,2541595,146,1183756,1119.0,111554.96336014298
OAK,2016,Oakland Athletics,148210401,137175401,52690067,69,2147976,169,811688,1145.0,46017.52576419214
PHI,2000,Philadelphia Phillies,95659667,92454667,55373000,65,1471687,144,642046,1117.0,49572.963294538946
PHI,2001,Philadelphia Phillies,46313833,46313833,19703333,86,538532,164,282401,1125.0,17514.07377777778
PHI,2002,Philadelphia Phillies,67789999,64839999,21313333,80,847374,165,392969,1095.0,19464.23105022831
PHI,2003,Philadelphia Phillies,73300000,72980000,33233333,86,852325,166,439638,1155.0,28773.448484848486
PHI,2004,Philadelphia Phillies,94144167,93844167,42662500,86,1094699,215,436484,1133.0,37654.457193292146
PHI,2005,Philadelphia Phillies,109772000,109772000,44335333,88,1247409,167,657317,1083.0,40937.5189289012
PHI,2006,Philadelphia Phillies,133248333,133248333,66288333,85,1567627,216,616890,1203.0,55102.52119700748
PHI,2007,Philadelphia Phillies,89428213,89048213,47867499,89,1004811,213,418066,1205.0,39724.065560165975
PHI,2008,Philadelphia Phillies,97879880,96702380,41306666,92,1063911,214,451880,1117.0,36980.00537153089
PHI,2009,Philadelphia Phillies,113464046,113064046,55016666,93,1220043,224,504750,1155.0,47633.47705627706
PHI,2010,Philadelphia Phillies,144038379,144038379,64174333,97,1484931,166,867701,1064.0,60314.2227443609
PHI,2011,Philadelphia Phillies,177026379,176198379,98337333,102,1735552,153,1151623,1024.0,96032.5517578125
PHI,2012,Philadelphia Phillies,236388938,236388938,128875058,81,2918381,158,1496132,1094.0,117801.69835466178
PHI,2013,Philadelphia Phillies,188988164,188988164,94734500,73,2588878,140,1349915,1205.0,78617.84232365145
PHI,2014,Philadelphia Phillies,197932467,197932467,117382467,73,2711403,125,1583459,1306.0,89879.37748851455
PHI,2015,Philadelphia Phillies,245624500,243124500,161410500,63,3898801,130,1870188,1274.0,126695.83987441131
PHI,2016,Philadelphia Phillies,69034000,55521500,26958000,71,972309,161,344854,1376.0,19591.56976744186
PIT,2000,Pittsburgh Pirates,34865001,34865001,13415000,69,505289,168,207529,1032.0,12999.031007751939
PIT,2001,Pittsburgh Pirates,81960833,73735833,38280000,62,1321948,161,457986,1106.0,34611.21157323689
PIT,2002,Pittsburgh Pirates,52221599,48219099,21450667,72,725299,142,339571,1109.0,19342.350766456268
PIT,2003,Pittsburgh Pirates,87645763,83543263,33621168,75,1168610,163,512535,1049.0,32050.6844613918
PIT,2004,Pittsburgh Pirates,52627929,52627929,33924500,72,730943,142,370619,1066.0,31824.108818011257
PIT,2005,Pittsburgh Pirates,53971500,53334500,16225000,67,805544,139,383701,1092.0,14858.058608058607
PIT,2006,Pittsburgh Pirates,85767750,85113750,42038750,67,1280115,141,603643,1200.0,35032.291666666664
PIT,2007,Pittsburgh Pirates,38537833,38537833,16362833,68,566732,148,260390,1135.0,14416.59295154185
PIT,2008,Pittsburgh Pirates,66289783,65886283,23859783,67,989399,153,430629,1039.0,22964.179980750723
PIT,2009,Pittsburgh Pirates,98580000,98580000,34902500,62,1590000,125,788640,1142.0,30562.609457092818
PIT,2010,Pittsburgh Pirates,75973000,75563000,52671500,57,1332859,126,599706,1207.0,43638.35956917978
PIT,2011,Pittsburgh Pirates,52613500,51746500,18226500,72,730743,107,483612,1308.0,13934.633027522936
PIT,2012,Pittsburgh Pirates,67239499,67239499,40673500,79,851132,170,395526,1354.0,30039.512555391433
PIT,2013,Pittsburgh Pirates,81562000,81562000,49927000,94,867680,161,506596,1330.0,37539.0977443609
PIT,2014,Pittsburgh Pirates,91462500,91462500,55377000,88,1039346,156,586298,1244.0,44515.27331189711
PIT,2015,Pittsburgh Pirates,88892499,88892499,45029166,98,907066,140,634946,1322.0,34061.39636913767
PIT,2016,Pittsburgh Pirates,202326334,202326334,151014668,78,2593927,153,1322394,1334.0,113204.3988005997
SDN,2000,San Diego Padres,61894000,54752333,23168333,76,814394,157,348740,1177.0,19684.225148683094
SDN,2001,San Diego Padres,77832832,77832832,57125832,79,985225,161,483433,1273.0,44874.96622152396
SDN,2002,San Diego Padres,44665000,44430000,19475000,66,676742,136,326691,1062.0,18338.04143126177
SDN,2003,San Diego Padres,60760000,60760000,28698000,64,949375,128,474687,1073.0,26745.573159366264
SDN,2004,San Diego Padres,58434833,58434833,14576000,87,671664,139,420394,910.0,16017.582417582418
SDN,2005,San Diego Padres,86115833,85448833,35635000,82,1050193,130,657298,977.0,36473.899692937564
SDN,2006,San Diego Padres,75296141,75296141,33812142,88,855637,161,467677,1104.0,30626.940217391304
SDN,2007,San Diego Padres,76325167,75941167,45376500,89,857586,171,444100,1229.0,36921.48087876322
SDN,2008,San Diego Padres,135087616,133696416,84730000,63,2144247,154,868158,1259.0,67299.44400317712
SDN,2009,San Diego Padres,80651400,80221500,56965900,75,1075352,141,568946,1182.0,48194.500846023686
SDN,2010,San Diego Padres,39039800,38627000,24225900,90,433775,132,292628,1183.0,20478.360101437025
SDN,2011,San Diego Padres,60249140,59834340,28298140,71,848579,91,657520,1320.0,21437.984848484848
SDN,2012,San Diego Padres,62212000,62212000,23830600,76,818578,121,514148,1238.0,19249.273021001616
SDN,2013,San Diego Padres,86810500,86810500,50240900,76,1142243,146,594592,1309.0,38381.13063407181
SDN,2014,San Diego Padres,114273700,114273700,56471100,77,1484074,109,1048382,1294.0,43640.72642967542
SDN,2015,San Diego Padres,122691300,122691300,55561100,74,1657990,148,828995,1327.0,41869.70610399397
SDN,2016,San Diego Padres,236205414,235695814,142262414,68,3473609,177,1331614,1500.0,94841.60933333333
SEA,2000,Seattle Mariners,60765000,60765000,29907500,91,667747,198,306893,1073.0,27872.786579683132
SEA,2001,Seattle Mariners,74720834,72745834,29440000,116,644145,169,430448,989.0,29767.441860465115
SEA,2002,Seattle Mariners,80282668,80282668,30283333,93,863254,152,528175,1003.0,30192.754735792623
SEA,2003,Seattle Mariners,98909166,98609166,44500832,93,1063539,139,709418,989.0,44995.78564206269
SEA,2004,Seattle Mariners,131290834,130990834,69182500,63,2083981,136,963167,1058.0,65389.88657844991
SEA,2005,Seattle Mariners,107070334,105529334,38031000,69,1551743,130,811764,986.0,38570.9939148073
SEA,2006,Seattle Mariners,123540833,123540833,67852000,78,1583856,172,718260,974.0,69663.24435318274
SEA,2007,Seattle Mariners,106850833,105470833,33905000,88,1214214,153,689351,861.0,39378.62950058072
SEA,2008,Seattle Mariners,137343982,136953982,43135000,61,2251540,124,1104467,890.0,48466.29213483146
SEA,2009,Seattle Mariners,131981666,131171666,75595000,85,1552725,160,819822,1093.0,69162.85452881976
SEA,2010,Seattle Mariners,118810000,116893500,59774000,61,1947704,101,1157361,1184.0,50484.7972972973
SEA,2011,Seattle Mariners,97980900,93066400,29122400,67,1462401,109,853820,1280.0,22751.875
SEA,2012,Seattle Mariners,116420200,115940200,52010200,75,1552269,149,778122,1259.0,41310.72279586974
SEA,2013,Seattle Mariners,96682043,96682043,50529243,71,1361718,188,514266,1353.0,37346.07760532151
SEA,2014,Seattle Mariners,100041300,100041300,42279100,87,1149900,136,735597,1232.0,34317.4512987013
SEA,2015,Seattle Mariners,177695600,177695600,94047100,76,2338100,198,897452,1336.0,70394.53592814371
SEA,2016,Seattle Mariners,163990339,161290339,82346439,86,1906864,223,723275,1288.0,63933.57065217391
SFN,2000,San Francisco Giants,54337826,54337826,21125000,97,560183,226,240432,1032.0,20469.961240310076
SFN,2001,San Francisco Giants,71525167,69350167,34036667,90,794724,235,295107,1090.0,31226.3
SFN,2002,San Francisco Giants,78604835,78604835,32200667,95,827419,198,396994,961.0,33507.45785639958
SFN,2003,San Francisco Giants,88408167,79658167,28371167,100,884081,180,442545,980.0,28950.170408163267
SFN,2004,San Francisco Giants,93919166,84469166,35512666,91,1032078,183,461580,874.0,40632.3409610984
SFN,2005,San Francisco Giants,106160000,106160000,42220000,75,1415466,128,829375,901.0,46859.04550499445
SFN,2006,San Francisco Giants,93433577,93433577,32841733,76,1229389,163,573212,891.0,36859.408529741864
SFN,2007,San Francisco Giants,151214562,151214562,95718008,71,2129782,131,1154309,907.0,105532.53362734288
SFN,2008,San Francisco Giants,85137000,82637000,22475500,72,1182458,94,879117,1044.0,21528.256704980842
SFN,2009,San Francisco Giants,83026450,77866450,39314450,88,943482,122,638249,1158.0,33950.30224525043
SFN,2010,San Francisco Giants,103551333,103551333,48470833,92,1125557,162,639205,1099.0,44104.48862602366
SFN,2011,San Francisco Giants,118198333,118198333,63201833,86,1374399,121,976845,1122.0,56329.61942959002
SFN,2012,San Francisco Giants,118920683,112440683,80862683,94,1265113,103,1091657,1097.0,73712.56426618049
SFN,2013,San Francisco Giants,140180334,140180334,90942167,76,1844478,107,1310096,1078.0,84361.93599257884
SFN,2014,San Francisco Giants,207010167,207010167,136950000,88,2352388,132,1568258,1245.0,110000.0
SFN,2015,San Francisco Giants,172184000,172184000,96477500,84,2049809,136,1266058,1159.0,83242.01898188093
SFN,2016,San Francisco Giants,172253778,172253778,97810000,87,1979928,130,1325029,1107.0,88355.91689250225
SLN,2000,St. Louis Cardinals,68323863,68323863,32364690,95,719198,235,290739,1253.0,25829.76057462091
SLN,2001,St. Louis Cardinals,91438333,86913333,38196667,93,983207,199,436750,1089.0,35074.992653810834
SLN,2002,St. Louis Cardinals,93060875,92660875,56644209,97,959390,175,529490,927.0,61104.8640776699
SLN,2003,St. Louis Cardinals,86791666,85886666,36340000,85,1021078,196,438197,952.0,38172.268907563026
SLN,2004,St. Louis Cardinals,83228333,83228333,36595000,105,792650,214,388917,1085.0,33728.11059907834
SLN,2005,St. Louis Cardinals,92106833,91346833,30370000,100,921068,170,537334,947.0,32069.693769799367
SLN,2006,St. Louis Cardinals,92231371,90696371,40716000,83,1111221,184,492915,922.0,44160.52060737527
SLN,2007,St. Louis Cardinals,90286823,89904823,38927500,78,1157523,141,637622,909.0,42824.53245324532
SLN,2008,St. Louis Cardinals,100801949,92653949,53951500,86,1172115,174,532493,985.0,54773.09644670051
SLN,2009,St. Louis Cardinals,88528409,88128409,40943583,91,972839,160,550802,1041.0,39331.01152737752
SLN,2010,St. Louis Cardinals,99990751,99990751,48855971,86,1162683,150,666605,1027.0,47571.5394352483
SLN,2011,St. Louis Cardinals,126376572,119689072,67538903,90,1404184,162,738821,978.0,69058.18302658487
SLN,2012,St. Louis Cardinals,113513862,112663862,51002500,88,1289930,159,708577,1192.0,42787.3322147651
SLN,2013,St. Louis Cardinals,99985110,99985110,44613000,97,1030774,125,799880,1110.0,40191.89189189189
SLN,2014,St. Louis Cardinals,168012000,168012000,107238000,90,1866800,105,1600114,1133.0,94649.6028243601
SLN,2015,St. Louis Cardinals,119241500,119241500,50055500,100,1192415,137,870375,1267.0,39507.103393843725
SLN,2016,St. Louis Cardinals,145128500,133444500,61887000,86,1687540,225,593086,1318.0,46955.23520485584
TBA,2000,Tampa Bay Devil Rays,81468129,72043129,22100000,69,1180697,162,444710,1022.0,21624.26614481409
TBA,2001,Tampa Bay Devil Rays,84054000,69054000,17524000,62,1355709,121,570694,1116.0,15702.508960573477
TBA,2002,Tampa Bay Devil Rays,36435000,35933000,15583000,55,662454,133,270172,1115.0,13975.784753363228
TBA,2003,Tampa Bay Devil Rays,20830000,20830000,4700000,63,330634,137,152043,1030.0,4563.1067961165045
TBA,2004,Tampa Bay Devil Rays,33131667,32829167,10802500,70,473309,145,226408,944.0,11443.32627118644
TBA,2005,Tampa Bay Devil Rays,30313567,29944567,11869500,67,452441,157,190729,990.0,11989.39393939394
TBA,2006,Tampa Bay Devil Rays,55578534,55578534,14799600,61,911123,190,292518,1106.0,13381.19349005425
TBA,2007,Tampa Bay Devil Rays,28034300,28034300,10050300,66,424762,187,149916,1324.0,7590.861027190333
TBA,2008,Tampa Bay Rays,47045597,46644897,22574597,97,485006,180,259138,1224.0,18443.29820261438
TBA,2009,Tampa Bay Rays,81313034,81313034,44873766,84,968012,199,408608,1229.0,36512.421480878766
TBA,2010,Tampa Bay Rays,80923471,79123471,24641171,96,842952,160,494521,1292.0,19072.113777089784
TBA,2011,Tampa Bay Rays,41053571,41053571,15730371,91,451138,172,238683,1193.0,13185.558256496228
TBA,2012,Tampa Bay Rays,64173500,63692800,28323700,90,713038,175,363958,1323.0,21408.692365835224
TBA,2013,Tampa Bay Rays,56705272,56705272,27916154,92,616361,165,343668,1171.0,23839.584970111016
TBA,2014,Tampa Bay Rays,114689100,114689100,78232000,77,1489468,117,980248,1124.0,69601.42348754448
TBA,2015,Tampa Bay Rays,84396233,84396233,35208167,80,1054952,167,505366,1310.0,26876.463358778627
TBA,2016,Tampa Bay Rays,78332310,78332310,39503192,68,1151945,216,362649,1482.0,26655.32523616734
TEX,2000,Texas Rangers,83070921,80045921,41190000,71,1170012,173,462693,922.0,44674.62039045553
TEX,2001,Texas Rangers,101578500,100158500,25290000,73,1391486,246,407148,1093.0,23138.15187557182
TEX,2002,Texas Rangers,120876122,118709455,43604803,72,1678835,230,516128,1055.0,41331.56682464455
TEX,2003,Texas Rangers,140341667,129975000,56702500,71,1976643,239,543828,1052.0,53899.71482889734
TEX,2004,Texas Rangers,55050417,43183750,26713750,89,618544,227,190236,1099.0,24307.32484076433
TEX,2005,Texas Rangers,104899000,103927500,78486500,79,1327835,260,399721,1112.0,70581.38489208632
TEX,2006,Texas Rangers,108599740,108268740,45289163,80,1357496,183,591632,1061.0,42685.35626767201
TEX,2007,Texas Rangers,105483675,105102675,55243645,75,1406449,179,587165,1224.0,45133.69689542484
TEX,2008,Texas Rangers,74462326,74066996,40806002,79,942561,194,381788,1207.0,33807.78956089478
TEX,2009,Texas Rangers,104178798,100027798,70016872,87,1197457,224,446552,1253.0,55879.38707102953
TEX,2010,Texas Rangers,58996124,58190394,26657040,90,655512,162,359199,986.0,27035.53752535497
TEX,2011,Texas Rangers,106573744,103158744,41295590,96,1110143,210,491232,930.0,44403.86021505376
TEX,2012,Texas Rangers,127010974,127010974,40013900,93,1365709,200,635054,1103.0,36277.334542157754
TEX,2013,Texas Rangers,113508600,113508600,42241900,91,1247347,176,644935,1067.0,39589.40955951265
TEX,2014,Texas Rangers,121065059,118965059,32059827,67,1806941,111,1071757,1162.0,27590.21256454389
TEX,2015,Texas Rangers,170030289,170030289,67088900,88,1932162,172,988548,1233.0,54411.11111111111
TEX,2016,Texas Rangers,189036223,165036223,67091270,95,1989854,215,767610,1220.0,54992.84426229508
TOR,2000,Toronto Blue Jays,44838332,44838332,17744999,83,540220,244,183763,1026.0,17295.32066276803
TOR,2001,Toronto Blue Jays,105545999,102345999,50864666,80,1319324,195,524851,1094.0,46494.210237659965
TOR,2002,Toronto Blue Jays,103629333,99829333,37662333,78,1328581,187,533846,1142.0,32979.27583187391
TOR,2003,Toronto Blue Jays,57469000,57159000,17902000,86,668244,190,300836,1081.0,16560.59204440333
TOR,2004,Toronto Blue Jays,55459000,55459000,26538000,67,827746,145,382475,1083.0,24504.15512465374
TOR,2005,Toronto Blue Jays,46119500,46119500,25125500,80,576493,136,339113,955.0,26309.424083769634
TOR,2006,Toronto Blue Jays,90885500,90885500,42282500,87,1044660,199,456711,906.0,46669.426048565125
TOR,2007,Toronto Blue Jays,85942800,85561300,43258800,83,1035455,165,518553,1044.0,41435.63218390805
TOR,2008,Toronto Blue Jays,116478900,116075000,41605400,86,1354405,126,921230,938.0,44355.43710021322
TOR,2009,Toronto Blue Jays,98563300,97738700,36298000,75,1314177,209,467649,1028.0,35309.33852140078
TOR,2010,Toronto Blue Jays,66242500,64927600,18154300,85,779323,257,252636,1164.0,15596.47766323024
TOR,2011,Toronto Blue Jays,100815100,100365100,51523800,81,1244630,186,539597,1184.0,43516.72297297297
TOR,2012,Toronto Blue Jays,92070100,90495100,43713700,73,1261234,198,457045,1251.0,34943.00559552358
TOR,2013,Toronto Blue Jays,129638100,129638100,64607500,74,1751866,185,700746,1123.0,57531.16651825468
TOR,2014,Toronto Blue Jays,116485000,116485000,45187200,83,1403433,177,658107,1151.0,39259.079061685494
TOR,2015,Toronto Blue Jays,136518500,136518500,44542900,93,1467940,232,588441,1151.0,38699.30495221546
TOR,2016,Toronto Blue Jays,175826700,175826700,95501300,89,1975580,221,795595,1362.0,70118.42878120411
WAS,2005,Washington Nationals,58879000,58234500,30738000,81,726901,117,497730,1090.0,28200.0
WAS,2006,Washington Nationals,94151000,85176000,48195000,71,1326070,164,519365,1156.0,41691.17647058824
WAS,2007,Washington Nationals,40367500,33957500,14690000,73,552979,123,276077,1128.0,13023.04964539007
WAS,2008,Washington Nationals,73561000,73111000,23801000,59,1246796,117,624880,1095.0,21736.07305936073
WAS,2009,Washington Nationals,83240000,77809000,26254000,59,1410847,156,498775,1208.0,21733.443708609273
WAS,2010,Washington Nationals,79900000,76099000,28647000,69,1157971,149,510731,1220.0,23481.147540983606
WAS,2011,Washington Nationals,88356928,87942928,48075000,80,1104461,154,571057,1323.0,36337.86848072562
WAS,2012,Washington Nationals,81555143,81074143,35923465,98,832195,194,417907,1325.0,27112.049056603773
WAS,2013,Washington Nationals,125006270,125006270,55363091,86,1453561,161,776436,1192.0,46445.546140939594
WAS,2014,Washington Nationals,131983680,131983680,55588200,96,1374830,152,868313,1304.0,42628.98773006135
WAS,2015,Washington Nationals,157136972,157136972,83057800,83,1893216,177,887779,1344.0,61798.958333333336
WAS,2016,Washington Nationals,143200946,142681546,69976531,95,1507378,203,702864,1252.0,55891.79792332269
